Workbook

Sheet Data Harian
A1: Laporan Penjualan Harian — Agustus 2026
A2: PT Makan Mania Mantap — data untuk keperluan pengujian sistem (fiktif)
A4: Tanggal | B4: Hari | C4: Cabang | D4: Makanan Utama (Rp) | E4: Minuman (Rp) | F4: Snack & Appetizer (Rp) | G4: Dessert (Rp) | H4: Total Harian (Rp) | I4: Kontribusi %
A5: 1 Agustus 2026 | B5: Sabtu | C5: MMM Kemang | D5: 12005521 | E5: 6542403 | F5: 3196001 | G5: 2173846 | H5: =SUM(D5:G5) -> 23917771 | I5: =H5/$H$160 -> 0.010851161
A6: 2 Agustus 2026 | B6: Minggu | C6: MMM Kemang | D6: 11325177 | E6: 6807967 | F6: 3709559 | G6: 2406924 | H6: =SUM(D6:G6) -> 24249627 | I6: =H6/$H$160 -> 0.011001719
A7: 3 Agustus 2026 | B7: Senin | C7: MMM Kemang | D7: 8539522 | E7: 4816693 | F7: 3067357 | G7: 2029620 | H7: =SUM(D7:G7) -> 18453192 | I7: =H7/$H$160 -> 0.0083719572
A8: 4 Agustus 2026 | B8: Selasa | C8: MMM Kemang | D8: 9312869 | E8: 4970410 | F8: 2818499 | G8: 1630541 | H8: =SUM(D8:G8) -> 18732319 | I8: =H8/$H$160 -> 0.0084985933
A9: 5 Agustus 2026 | B9: Rabu | C9: MMM Kemang | D9: 8861217 | E9: 5111007 | F9: 2652668 | G9: 1622718 | H9: =SUM(D9:G9) -> 18247610 | I9: =H9/$H$160 -> 0.0082786875
A10: 6 Agustus 2026 | B10: Kamis | C10: MMM Kemang | D10: 8231125 | E10: 5173986 | F10: 2308099 | G10: 1897981 | H10: =SUM(D10:G10) -> 17611191 | I10: =H10/$H$160 -> 0.007989953
A11: 7 Agustus 2026 | B11: Jumat | C11: MMM Kemang | D11: 10883495 | E11: 5699079 | F11: 3856370 | G11: 2368101 | H11: =SUM(D11:G11) -> 22807045 | I11: =H11/$H$160 -> 0.01034724
A12: 8 Agustus 2026 | B12: Sabtu | C12: MMM Kemang | D12: 12010876 | E12: 6606157 | F12: 3542973 | G12: 2231364 | H12: =SUM(D12:G12) -> 24391370 | I12: =H12/$H$160 -> 0.011066026
A13: 9 Agustus 2026 | B13: Minggu | C13: MMM Kemang | D13: 11115950 | E13: 6820564 | F13: 3534032 | G13: 2211947 | H13: =SUM(D13:G13) -> 23682493 | I13: =H13/$H$160 -> 0.010744419
A14: 10 Agustus 2026 | B14: Senin | C14: MMM Kemang | D14: 9359855 | E14: 4728890 | F14: 2674969 | G14: 1661521 | H14: =SUM(D14:G14) -> 18425235 | I14: =H14/$H$160 -> 0.0083592735
A15: 11 Agustus 2026 | B15: Selasa | C15: MMM Kemang | D15: 9993767 | E15: 4872847 | F15: 2921550 | G15: 2009098 | H15: =SUM(D15:G15) -> 19797262 | I15: =H15/$H$160 -> 0.0089817431
A16: 12 Agustus 2026 | B16: Rabu | C16: MMM Kemang | D16: 8713877 | E16: 5150018 | F16: 3138514 | G16: 2143167 | H16: =SUM(D16:G16) -> 19145576 | I16: =H16/$H$160 -> 0.0086860822
... A159: 31 Agustus 2026 | B159: Senin | C159: MMM Malioboro Yogyakarta | D159: 3574055 | E159: 2012017 | F159: 1098694 | G159: 608761 | H159: =SUM(D159:G159) -> 7293527 | I159: =H159/$H$160 -> 0.003308972
A160: TOTAL | D160: =SUM(D5:D159) -> 1065469857 | E160: =SUM(E5:E159) -> 592340635 | F160: =SUM(F5:F159) -> 326505955 | G160: =SUM(G5:G159) -> 219850575 | H160: =SUM(H5:H159) -> 2204167022
A161: RATA-RATA HARIAN | D161: =AVERAGE(D5:D159) -> 6873999.1 | E161: =AVERAGE(E5:E159) -> 3821552.5 | F161: =AVERAGE(F5:F159) -> 2106490 | G161: =AVERAGE(G5:G159) -> 1418390.8 | H161: =AVERAGE(H5:H159) -> 14220432

Sheet Rekap per Cabang
A1: Rekap Penjualan per Cabang — Agustus 2026
A2: PT Makan Mania Mantap
A4: Cabang | B4: Kota | C4: Total Omzet (Rp) | D4: Rata-rata Harian (Rp) | E4: Kontribusi %
A5: MMM Kemang | B5: Jakarta Selatan | C5: =SUM('Data Harian'!H5:H35) -> 660067372 | D5: =AVERAGE('Data Harian'!H5:H35) -> 21292496 | E5: =C5/$C$10 -> 0.29946341
A6: MMM Bintaro | B6: Tangerang Selatan | C6: =SUM('Data Harian'!H36:H66) -> 500821846 | D6: =AVERAGE('Data Harian'!H36:H66) -> 16155543 | E6: =C6/$C$10 -> 0.22721592
A7: MMM Dago Bandung | B7: Bandung | C7: =SUM('Data Harian'!H67:H97) -> 418150371 | D7: =AVERAGE('Data Harian'!H67:H97) -> 13488722 | E7: =C7/$C$10 -> 0.18970902
A8: MMM Darmo Surabaya | B8: Surabaya | C8: =SUM('Data Harian'!H98:H128) -> 366202275 | D8: =AVERAGE('Data Harian'!H98:H128) -> 11812977 | E8: =C8/$C$10 -> 0.16614089
A9: MMM Malioboro Yogyakarta | B9: Yogyakarta | C9: =SUM('Data Harian'!H129:H159) -> 258925158 | D9: =AVERAGE('Data Harian'!H129:H159) -> 8352424.5 | E9: =C9/$C$10 -> 0.11747075
A10: TOTAL SEMUA CABANG | C10: =SUM(C5:C9) -> 2204167022

Sheet Rekap per Kategori
A1: Rekap Penjualan per Kategori Menu — Agustus 2026
A2: PT Makan Mania Mantap
A4: Kategori Menu | B4: Total Omzet (Rp) | C4: Kontribusi %
A5: Makanan Utama | B5: =SUM('Data Harian'!D5:D159) -> 1065469857 | C5: =B5/$B$9 -> 0.48338889
A6: Minuman | B6: =SUM('Data Harian'!E5:E159) -> 592340635 | C6: =B6/$B$9 -> 0.26873673
A7: Snack & Appetizer | B7: =SUM('Data Harian'!F5:F159) -> 326505955 | C7: =B7/$B$9 -> 0.14813122
A8: Dessert | B8: =SUM('Data Harian'!G5:G159) -> 219850575 | C8: =B8/$B$9 -> 0.099743156
A9: TOTAL | B9: =SUM(B5:B8) -> 2204167022
